phase	perl	go
100000	1.002168021680217	1.0
10000000	1.0026200873362445	1.0
20000000	1.002696365767878	1.0
