phase	perl	go
100000	1.0	0.995850622406639
10000000	1.0	1.0
20000000	0.9981933152664859	1.0
