phase	perl	go
100000	0.21680216802169028	0.0
10000000	0.26200873362445254	0.0
20000000	0.26963657678780173	0.0
