degree	cc1	perl	go
1	0.234685	0.283348	0.005412
2	0.234685	0.283348	0.005412
4	0.234685	0.283348	0.005412
8	0.234685	0.283348	0.005412
16	0.234685	0.283348	0.005412
