degree	cc1	perl	go
1	0.992812	1.000000	0.986441
2	0.992812	1.000000	0.986441
4	0.992812	1.000000	0.986441
8	0.992812	1.000000	0.986441
16	0.992812	1.000000	0.986441
