degree	cc1	perl	go
1	0.470769	0.174800	0.199200
2	0.470769	0.174800	0.199200
4	0.470769	0.174800	0.199200
8	0.470769	0.174800	0.199200
16	0.470769	0.174800	0.199200
